"DATE","MERIDIAN","TWEET",,
"20230808","AM","ğŸ­ Elevate your Windows SOE image development with OptechX! Our powerful CI/CD integration ensures seamless updates and improved performance. #OptechX #WindowsSOE #CICD",,
"20230808","PM","ğŸš€ Keep up with the latest drivers effortlessly using OptechX. Our automation guarantees up-to-date hardware performance. #OptechX #DriverUpdates #EfficiencyBoost",,
"20230809","AM","ğŸ”’ Enhance Windows security with OptechX's automated patching. Stay protected against vulnerabilities without the hassle. #OptechX #WindowsSecurity #Automation",,
"20230809","PM","ğŸ“¡ Deploy the latest updates quickly and efficiently using OptechX's automation. Say goodbye to manual processes! #OptechX #UpdateDeployment #Efficiency",,
"20230810","AM","ğŸ’¡ Revolutionize SOE image development with SOEDaaS by OptechX. Experience hassle-free, optimized setups tailored to your needs. #OptechX #SOEDaaS #EfficiencyBoost",,
"20230810","PM","ğŸ¢ OptechX simplifies SOE development as a service. Our automated solutions streamline your processes, saving time and resources. #OptechX #SOEDaaS #Automation",,
"20230811","AM","âš™ï¸ Transform Windows security with OptechX. Our platform ensures bulletproof protection by seamlessly integrating SCCM and MDT. #OptechX #WindowsSecurity #SCCM #MDT",,
"20230811","PM","ğŸ”„ OptechX's auto-build feature revolutionizes SOE image development. Focus on innovation while we handle the rest! #OptechX #AutoBuild #Efficiency",,
"20230812","AM","ğŸŒŸ OptechX empowers businesses to be enterprise-ready. Our solutions bring the best practices to SOE development, ensuring peak performance. #OptechX #EnterpriseReady",,
"20230812","PM","ğŸ“Š OptechX's SCCM integration simplifies Windows SOE management. Effortlessly update, deploy, and secure your systems. #OptechX #SCCM #WindowsManagement",,
"20230813","AM","ğŸ” Unlock the power of automation with OptechX. Our platform transforms SOE development into an efficient, dynamic process. #OptechX #Automation #EfficiencyBoost",,
"20230813","PM","ğŸŒ OptechX's MDT integration makes SOE image creation seamless. Say goodbye to manual steps and hello to streamlined efficiency. #OptechX #MDT #SOEImage",,
"20230814","AM","ğŸ’ª OptechX enables enterprises to develop SOE images with unmatched efficiency. Experience the benefits of automation today! #OptechX #EfficiencyBoost #Automation",,
"20230814","PM","ğŸ› ï¸ OptechX simplifies SOE image development, enabling businesses to focus on innovation rather than time-consuming tasks. #OptechX #Innovation #Efficiency",,
"20230815","AM","ğŸš¨ OptechX's Windows security features keep your systems fortified against threats. Experience peace of mind with every update. #OptechX #WindowsSecurity #PeaceOfMind""",,
"20230815","PM","ğŸ“¢ Discover the benefits of OptechX's application lifecycle management. Seamlessly update and maintain apps for peak performance. #OptechX #AppLifecycle #PerformanceBoost""",,
"20230816","AM","ğŸ§© OptechX integrates with your processes for auto-builds"," effortless deployment"," and more. Simplify your workflow with us! #OptechX #EfficiencyBoost #Integration"""
"20230816","PM","ğŸ›¡ï¸ OptechX ensures your SOE images are built with security in mind. Protect your systems without the hassle. #OptechX #SOESecurity #Automation""",,
"20230817","AM","ğŸ“š OptechX's automation makes SOE development smoother and more efficient. Enjoy the benefits of a streamlined process today. #OptechX #EfficiencyBoost #Automation""",,
"20230817","PM","ğŸ’¼ Experience the future of SOE image development with OptechX's enterprise-ready solutions. Elevate your tech game today! #OptechX #EnterpriseReady #TechAdvancement""",,
"20230818","AM","ğŸš€ OptechX's SOEDaaS ensures you get the best SOE images tailored to your needs. Unlock the power of automation for better results. #OptechX #SOEDaaS #Automation""",,
"20230818","PM","âš™ï¸ OptechX brings the power of automation to SOE development. Stay ahead by streamlining your processes. #OptechX #Automation #Efficiency""",,
"20230819","AM","ğŸ”’ OptechX's auto-patching keeps your systems secure without the hassle. Stay protected with minimal effort. #OptechX #AutoPatching #Security""",,
"20230819","PM","ğŸ¯ OptechX's automation eliminates the stress of manual SOE image creation. Focus on what matters most â€“ innovation. #OptechX #Automation #Innovation""",,
"20230820","AM","ğŸ’» OptechX empowers your business with SCCM and MDT integration. Manage"," update"," and deploy SOE images effortlessly. #OptechX #SCCM #MDT #Integration"""
"20230820","PM","ğŸ”„ OptechX's auto-build feature accelerates SOE image development. Make every update count with efficiency. #OptechX #AutoBuild #EfficiencyBoost""",,
"20230821","AM","ğŸŒŸ OptechX takes SOE development to the next level. Experience efficiency"," security"," and innovation all in one platform. #OptechX #EfficiencyBoost #Innovation"""
"20230821","PM","ğŸŒ OptechX's MDT integration simplifies SOE image creation. Unlock the power of automation for seamless workflows. #OptechX #MDT #Automation""",,
"20230822","AM","ğŸ’ª OptechX transforms SOE development with its enterprise-ready solutions. Get ahead with the best practices in tech. #OptechX #EnterpriseReady #TechAdvancement""",,
"20230822","PM","ğŸ› ï¸ OptechX streamlines SOE image development"," letting businesses focus on innovation. Say goodbye to manual tasks. #OptechX #Innovation #Efficiency""",
"20230823","AM","ğŸš¨ OptechX's Windows security features bring peace of mind to every update. Stay protected with our automated solutions. #OptechX #WindowsSecurity #Automation""",,
"20230823","PM","ğŸ“¢ OptechX's application lifecycle management ensures your apps are always up to date for peak performance. #OptechX #AppLifecycle #PerformanceBoost""",,
"20230824","AM","ğŸ§© OptechX integrates seamlessly into your workflow"," enabling auto-builds and efficient deployment. Simplify your processes today! #OptechX #EfficiencyBoost #Integration""",
"20230824","PM","ğŸ›¡ï¸ OptechX builds SOE images with security at the forefront. Shield your systems with every update. #OptechX #SOESecurity #Automation""",,
"20230825","AM","ğŸ“š OptechX's automation streamlines SOE image development"," making your process more efficient. Elevate your tech game with us! #OptechX #EfficiencyBoost #Automation""",
"20230825","PM","ğŸ’¼ OptechX's enterprise-ready solutions redefine SOE image development. Experience innovation and efficiency combined. #OptechX #EnterpriseReady #TechAdvancement""",,
"20230826","AM","ğŸš€ OptechX's SOEDaaS tailors SOE images to your business's unique needs. Automate for superior results. #OptechX #SOEDaaS #Automation""",,
"20230826","PM","âš™ï¸ OptechX brings automation to SOE development"," giving you the edge in efficiency and innovation. Stay ahead with us! #OptechX #Automation #Efficiency""",
"20230827","AM","ğŸ”’ OptechX's auto-patching keeps systems secure effortlessly. Stay protected with minimal effort. #OptechX #AutoPatching #Security""",,
"20230827","PM","ğŸ¯ OptechX's automation simplifies SOE image creation. Focus on innovation while we handle the heavy lifting. #OptechX #Automation #Innovation""",,
